# kappa,htab  (the table htab of CorrelationOscillation.nb)
1.000000000000e-01,3.690817607609e-02
1.006931668852e-01,3.690716863614e-02
1.013911385737e-01,3.690615424256e-02
1.020939483708e-01,3.690513284749e-02
1.028016298126e-01,3.690410440276e-02
1.035142166679e-01,3.690306885986e-02
1.042317429393e-01,3.690202617001e-02
1.049542428652e-01,3.690097628403e-02
1.056817509214e-01,3.689991915241e-02
1.064143018224e-01,3.689885472543e-02
1.071519305238e-01,3.689778295290e-02
1.078946722230e-01,3.689670378435e-02
1.086425623617e-01,3.689561716898e-02
1.093956366272e-01,3.689452305562e-02
1.101539309541e-01,3.689342139278e-02
1.109174815262e-01,3.689231212865e-02
1.116863247781e-01,3.689119521104e-02
1.124604973967e-01,3.689007058741e-02
1.132400363236e-01,3.688893820486e-02
1.140249787561e-01,3.688779801017e-02
1.148153621497e-01,3.688664994976e-02
1.156112242192e-01,3.688549396962e-02
1.164126029410e-01,3.688433001548e-02
1.172195365548e-01,3.688315803261e-02
1.180320635652e-01,3.688197796597e-02
1.188502227437e-01,3.688078976011e-02
1.196740531307e-01,3.687959335918e-02
1.205035940372e-01,3.687838870705e-02
1.213388850465e-01,3.687717574707e-02
1.221799660165e-01,3.687595442230e-02
1.230268770812e-01,3.687472467537e-02
1.238796586530e-01,3.687348644850e-02
1.247383514243e-01,3.687223968355e-02
1.256029963695e-01,3.687098432199e-02
1.264736347471e-01,3.686972030483e-02
1.273503081017e-01,3.686844757272e-02
1.282330582656e-01,3.686716606587e-02
1.291219273614e-01,3.686587572414e-02
1.300169578033e-01,3.686457648691e-02
1.309181922999e-01,3.686326829316e-02
1.318256738556e-01,3.686195108150e-02
1.327394457730e-01,3.686062479007e-02
1.336595516546e-01,3.685928935662e-02
1.345860354056e-01,3.685794471844e-02
1.355189412351e-01,3.685659081244e-02
1.364583136589e-01,3.685522757506e-02
1.374041975013e-01,3.685385494236e-02
1.383566378972e-01,3.685247284991e-02
1.393156802945e-01,3.685108123290e-02
1.402813704562e-01,3.684968002604e-02
1.412537544623e-01,3.684826916362e-02
1.422328787123e-01,3.684684857949e-02
1.432187899274e-01,3.684541820706e-02
1.442115351525e-01,3.684397797929e-02
1.452111617588e-01,3.684252782868e-02
1.462177174457e-01,3.684106768727e-02
1.472312502433e-01,3.683959748667e-02
1.482518085146e-01,3.683811715802e-02
1.492794409579e-01,3.683662663201e-02
1.503141966090e-01,3.683512583883e-02
1.513561248436e-01,3.683361470823e-02
1.524052753797e-01,3.683209316948e-02
1.534616982799e-01,3.683056115139e-02
1.545254439538e-01,3.682901858226e-02
1.555965631605e-01,3.682746538992e-02
1.566751070108e-01,3.682590150175e-02
1.577611269699e-01,3.682432684456e-02
1.588546748598e-01,3.682274134475e-02
1.599558028615e-01,3.682114492817e-02
1.610645635178e-01,3.681953752018e-02
1.621810097359e-01,3.681791904565e-02
1.633051947894e-01,3.681628942894e-02
1.644371723215e-01,3.681464859386e-02
1.655769963470e-01,3.681299646376e-02
1.667247212551e-01,3.681133296142e-02
1.678804018123e-01,3.680965800915e-02
1.690440931643e-01,3.680797152868e-02
1.702158508395e-01,3.680627344126e-02
1.713957307508e-01,3.680456366757e-02
1.725837891990e-01,3.680284212777e-02
1.737800828749e-01,3.680110874147e-02
1.749846688625e-01,3.679936342774e-02
1.761976046412e-01,3.679760610513e-02
1.774189480890e-01,3.679583669160e-02
1.786487574852e-01,3.679405510458e-02
1.798870915129e-01,3.679226126094e-02
1.811340092620e-01,3.679045507699e-02
1.823895702320e-01,3.678863646849e-02
1.836538343348e-01,3.678680535061e-02
1.849268618978e-01,3.678496163795e-02
1.862087136663e-01,3.678310524459e-02
1.874994508067e-01,3.678123608395e-02
1.887991349096e-01,3.677935406895e-02
1.901078279923e-01,3.677745911187e-02
1.914255925021e-01,3.677555112443e-02
1.927524913191e-01,3.677363001776e-02
1.940885877593e-01,3.677169570239e-02
1.954339455775e-01,3.676974808825e-02
1.967886289707e-01,3.676778708468e-02
1.981527025805e-01,3.676581260038e-02
1.995262314969e-01,3.676382454351e-02
2.009092812609e-01,3.676182282153e-02
2.023019178678e-01,3.675980734135e-02
2.037042077706e-01,3.675777800922e-02
2.051162178826e-01,3.675573473079e-02
2.065380155811e-01,3.675367741105e-02
2.079696687104e-01,3.675160595438e-02
2.094112455851e-01,3.674952026451e-02
2.108628149933e-01,3.674742024453e-02
2.123244462000e-01,3.674530579688e-02
2.137962089502e-01,3.674317682336e-02
2.152781734724e-01,3.674103322508e-02
2.167704104820e-01,3.673887490253e-02
2.182729911843e-01,3.673670175550e-02
2.197859872785e-01,3.673451368314e-02
2.213094709606e-01,3.673231058390e-02
2.228435149270e-01,3.673009235557e-02
2.243881923783e-01,3.672785889525e-02
2.259435770221e-01,3.672561009935e-02
2.275097430772e-01,3.672334586359e-02
2.290867652768e-01,3.672106608299e-02
2.306747188720e-01,3.671877065188e-02
2.322736796357e-01,3.671645946387e-02
2.338837238659e-01,3.671413241188e-02
2.355049283896e-01,3.671178938809e-02
2.371373705662e-01,3.670943028399e-02
2.387811282913e-01,3.670705499032e-02
2.404362800007e-01,3.670466339712e-02
2.421029046736e-01,3.670225539368e-02
2.437810818369e-01,3.669983086856e-02
2.454708915685e-01,3.669738970957e-02
2.471724145016e-01,3.669493180379e-02
2.488857318282e-01,3.669245703755e-02
2.506109253032e-01,3.668996529641e-02
2.523480772481e-01,3.668745646519e-02
2.540972705549e-01,3.668493042793e-02
2.558585886906e-01,3.668238706792e-02
2.576321157003e-01,3.667982626765e-02
2.594179362119e-01,3.667724790886e-02
2.612161354399e-01,3.667465187250e-02
2.630267991895e-01,3.667203803871e-02
2.648500138607e-01,3.666940628688e-02
2.666858664521e-01,3.666675649557e-02
2.685344445659e-01,3.666408854254e-02
2.703958364109e-01,3.666140230475e-02
2.722701308078e-01,3.665869765835e-02
2.741574171928e-01,3.665597447866e-02
2.760577856220e-01,3.665323264019e-02
2.779713267759e-01,3.665047201662e-02
2.798981319634e-01,3.664769248078e-02
2.818382931264e-01,3.664489390468e-02
2.837919028442e-01,3.664207615947e-02
2.857590543375e-01,3.663923911546e-02
2.877398414736e-01,3.663638264211e-02
2.897343587701e-01,3.663350660800e-02
2.917427014001e-01,3.663061088086e-02
2.937649651962e-01,3.662769532754e-02
2.958012466552e-01,3.662475981401e-02
2.978516429429e-01,3.662180420538e-02
2.999162518988e-01,3.661882836584e-02
3.019951720402e-01,3.661583215871e-02
3.040885025676e-01,3.661281544639e-02
3.061963433691e-01,3.660977809039e-02
3.083187950249e-01,3.660671995131e-02
3.104559588128e-01,3.660364088882e-02
3.126079367124e-01,3.660054076168e-02
3.147748314101e-01,3.659741942773e-02
3.169567463043e-01,3.659427674386e-02
3.191537855101e-01,3.659111256602e-02
3.213660538640e-01,3.658792674924e-02
3.235936569296e-01,3.658471915897e-02
3.258367010020e-01,3.658148962291e-02
3.280952931131e-01,3.657823801947e-02
3.303695410368e-01,3.657496417032e-02
3.326595532940e-01,3.657166796729e-02
3.349654391578e-01,3.656834922311e-02
3.372873086589e-01,3.656500782365e-02
3.396252725904e-01,3.656164365670e-02
3.419794425137e-01,3.655825640041e-02
3.443499307633e-01,3.655484604479e-02
3.467368504525e-01,3.655141242923e-02
3.491403154786e-01,3.654795536269e-02
3.515604405283e-01,3.654447462483e-02
3.539973410834e-01,3.654097015183e-02
3.564511334262e-01,3.653744172422e-02
3.589219346450e-01,3.653388918663e-02
3.614098626396e-01,3.653031234151e-02
3.639150361272e-01,3.652671111840e-02
3.664375746478e-01,3.652308527594e-02
3.689775985702e-01,3.651943471174e-02
3.715352290972e-01,3.651575920185e-02
3.741105882721e-01,3.651205862635e-02
3.767037989839e-01,3.650833278747e-02
3.793149849737e-01,3.650458152494e-02
3.819442708400e-01,3.650080467763e-02
3.845917820454e-01,3.649700205786e-02
3.872576449216e-01,3.649317351796e-02
3.899419866765e-01,3.648931886153e-02
3.926449353996e-01,3.648543792083e-02
3.953666200681e-01,3.648153053982e-02
3.981071705535e-01,3.647759652751e-02
4.008667176273e-01,3.647363569340e-02
4.036453929676e-01,3.646964787769e-02
4.064433291652e-01,3.646563290306e-02
4.092606597300e-01,3.646159056929e-02
4.120975190973e-01,3.645752069972e-02
4.149540426344e-01,3.645342312291e-02
4.178303666466e-01,3.644929764167e-02
4.207266283844e-01,3.644514406626e-02
4.236429660495e-01,3.644096222177e-02
4.265795188016e-01,3.643675191290e-02
4.295364267649e-01,3.643251294071e-02
4.325138310350e-01,3.642824512645e-02
4.355118736856e-01,3.642394827781e-02
4.385306977750e-01,3.641962218526e-02
4.415704473533e-01,3.641526666110e-02
4.446312674691e-01,3.641088152073e-02
4.477133041764e-01,3.640646655123e-02
4.508167045415e-01,3.640202154717e-02
4.539416166502e-01,3.639754632517e-02
4.570881896149e-01,3.639304068127e-02
4.602565735814e-01,3.638850439695e-02
4.634469197363e-01,3.638393727615e-02
4.666593803143e-01,3.637933912212e-02
4.698941086052e-01,3.637470971563e-02
4.731512589615e-01,3.637004884670e-02
4.764309868054e-01,3.636535631626e-02
4.797334486367e-01,3.636063190727e-02
4.830588020398e-01,3.635587540126e-02
4.864072056915e-01,3.635108659446e-02
4.897788193684e-01,3.634626527053e-02
4.931738039549e-01,3.634141120273e-02
4.965923214503e-01,3.633652418167e-02
5.000345349770e-01,3.633160399529e-02
5.035006087879e-01,3.632665041034e-02
5.069907082747e-01,3.632166320418e-02
5.105049999754e-01,3.631664216767e-02
5.140436515824e-01,3.631158707096e-02
5.176068319506e-01,3.630649767720e-02
5.211947111051e-01,3.630137376927e-02
5.248074602498e-01,3.629621512418e-02
5.284452517752e-01,3.629102150049e-02
5.321082592668e-01,3.628579266763e-02
5.357966575133e-01,3.628052840226e-02
5.395106225151e-01,3.627522846452e-02
5.432503314924e-01,3.626989261460e-02
5.470159628940e-01,3.626452062363e-02
5.508076964054e-01,3.625911225125e-02
5.546257129579e-01,3.625366725039e-02
5.584701947368e-01,3.624818538678e-02
5.623413251903e-01,3.624266642065e-02
5.662392890383e-01,3.623711009725e-02
5.701642722807e-01,3.623151617257e-02
5.741164622073e-01,3.622588440889e-02
5.780960474057e-01,3.622021454995e-02
5.821032177709e-01,3.621450633817e-02
5.861381645140e-01,3.620875953140e-02
5.902010801718e-01,3.620297387781e-02
5.942921586156e-01,3.619714911158e-02
5.984115950603e-01,3.619128497832e-02
6.025595860744e-01,3.618538122675e-02
6.067363295885e-01,3.617943759025e-02
6.109420249056e-01,3.617345380368e-02
6.151768727099e-01,3.616742961014e-02
6.194410750768e-01,3.616136474206e-02
6.237348354824e-01,3.615525892708e-02
6.280583588133e-01,3.614911190219e-02
6.324118513762e-01,3.614292339804e-02
6.367955209079e-01,3.613669313498e-02
6.412095765852e-01,3.613042084242e-02
6.456542290347e-01,3.612410625107e-02
6.501296903431e-01,3.611774907632e-02
6.546361740673e-01,3.611134903570e-02
6.591738952443e-01,3.610490585730e-02
6.637430704019e-01,3.609841925765e-02
6.683439175686e-01,3.609188894400e-02
6.729766562843e-01,3.608531463457e-02
6.776415076107e-01,3.607869604692e-02
6.823386941417e-01,3.607203288492e-02
6.870684400142e-01,3.606532485564e-02
6.918309709189e-01,3.605857167217e-02
6.966265141108e-01,3.605177303731e-02
7.014552984200e-01,3.604492865042e-02
7.063175542630e-01,3.603803821779e-02
7.112135136533e-01,3.603110143940e-02
7.161434102129e-01,3.602411800785e-02
7.211074791829e-01,3.601708762273e-02
7.261059574352e-01,3.601000998204e-02
7.311390834834e-01,3.600288477198e-02
7.362070974947e-01,3.599571168240e-02
7.413102413009e-01,3.598849040921e-02
7.464487584101e-01,3.598122063678e-02
7.516228940182e-01,3.597390204431e-02
7.568328950210e-01,3.596653432037e-02
7.620790100254e-01,3.595911714968e-02
7.673614893618e-01,3.595165020546e-02
7.726805850957e-01,3.594413316531e-02
7.780365510398e-01,3.593656571042e-02
7.834296427662e-01,3.592894751187e-02
7.888601176186e-01,3.592127823847e-02
7.943282347243e-01,3.591355756432e-02
7.998342550070e-01,3.590578515721e-02
8.053784411991e-01,3.589796067928e-02
8.109610578538e-01,3.589008379768e-02
8.165823713586e-01,3.588215417656e-02
8.222426499471e-01,3.587417147112e-02
8.279421637123e-01,3.586613534014e-02
8.336811846196e-01,3.585804544473e-02
8.394599865194e-01,3.584990143543e-02
8.452788451603e-01,3.584170296050e-02
8.511380382024e-01,3.583344967507e-02
8.570378452304e-01,3.582514122818e-02
8.629785477670e-01,3.581677725988e-02
8.689604292863e-01,3.580835741502e-02
8.749837752274e-01,3.579988133953e-02
8.810488730080e-01,3.579134866954e-02
8.871560120380e-01,3.578275904017e-02
8.933054837333e-01,3.577411209039e-02
8.994975815300e-01,3.576540745265e-02
9.057326008982e-01,3.575664475468e-02
9.120108393559e-01,3.574782362771e-02
9.183325964836e-01,3.573894369927e-02
9.246981739382e-01,3.573000458995e-02
9.311078754678e-01,3.572100592307e-02
9.375620069259e-01,3.571194732172e-02
9.440608762859e-01,3.570282840005e-02
9.506047936563e-01,3.569364877161e-02
9.571940712948e-01,3.568440805418e-02
9.638290236240e-01,3.567510585840e-02
9.705099672455e-01,3.566574178850e-02
9.772372209558e-01,3.565631545322e-02
9.840111057611e-01,3.564682645993e-02
9.908319448928e-01,3.563727440703e-02
9.977000638226e-01,3.562765889304e-02
1.004615790278e+00,3.561797951892e-02
1.011579454260e+00,3.560823587886e-02
1.018591388054e+00,3.559842756315e-02
1.025651926251e+00,3.558855416459e-02
1.032761405761e+00,3.557861527204e-02
1.039920165829e+00,3.556861046865e-02
1.047128548051e+00,3.555853933943e-02
1.054386896391e+00,3.554840146772e-02
1.061695557199e+00,3.553819642950e-02
1.069054879223e+00,3.552792380084e-02
1.076465213630e+00,3.551758315958e-02
1.083926914021e+00,3.550717407637e-02
1.091440336449e+00,3.549669611759e-02
1.099005839433e+00,3.548614885312e-02
1.106623783978e+00,3.547553184959e-02
1.114294533592e+00,3.546484466589e-02
1.122018454302e+00,3.545408686179e-02
1.129795914673e+00,3.544325799804e-02
1.137627285823e+00,3.543235762843e-02
1.145512941446e+00,3.542138530371e-02
1.153453257821e+00,3.541034057637e-02
1.161448613840e+00,3.539922299456e-02
1.169499391020e+00,3.538803210145e-02
1.177605973521e+00,3.537676744121e-02
1.185768748167e+00,3.536542855553e-02
1.193988104464e+00,3.535401497995e-02
1.202264434617e+00,3.534252624998e-02
1.210598133550e+00,3.533096190105e-02
1.218989598925e+00,3.531932146185e-02
1.227439231158e+00,3.530760445825e-02
1.235947433445e+00,3.529581041824e-02
1.244514611771e+00,3.528393886527e-02
1.253141174941e+00,3.527198931646e-02
1.261827534591e+00,3.525996129003e-02
1.270574105209e+00,3.524785430352e-02
1.279381304158e+00,3.523566786760e-02
1.288249551693e+00,3.522340149068e-02
1.297179270984e+00,3.521105468210e-02
1.306170888132e+00,3.519862694643e-02
1.315224832192e+00,3.518611778376e-02
1.324341535195e+00,3.517352669457e-02
1.333521432163e+00,3.516085317639e-02
1.342764961138e+00,3.514809672147e-02
1.352072563194e+00,3.513525682161e-02
1.361444682466e+00,3.512233296728e-02
1.370881766165e+00,3.510932464292e-02
1.380384264603e+00,3.509623133094e-02
1.389952631213e+00,3.508305251440e-02
1.399587322573e+00,3.506978767126e-02
1.409288798422e+00,3.505643627448e-02
1.419057521689e+00,3.504299779791e-02
1.428893958511e+00,3.502947171328e-02
1.438798578256e+00,3.501585748596e-02
1.448771853545e+00,3.500215457974e-02
1.458814260275e+00,3.498836245855e-02
1.468926277644e+00,3.497448058124e-02
1.479108388168e+00,3.496050840268e-02
1.489361077711e+00,3.494644537777e-02
1.499684835502e+00,3.493229095812e-02
1.510080154164e+00,3.491804459056e-02
1.520547529732e+00,3.490370572113e-02
1.531087461682e+00,3.488927379379e-02
1.541700452950e+00,3.487474824721e-02
1.552387009958e+00,3.486012851831e-02
1.563147642641e+00,3.484541404346e-02
1.573982864466e+00,3.483060425390e-02
1.584893192461e+00,3.481569857703e-02
1.595879147237e+00,3.480069644059e-02
1.606941253013e+00,3.478559726915e-02
1.618080037643e+00,3.477040048159e-02
1.629296032640e+00,3.475510549576e-02
1.640589773200e+00,3.473971172868e-02
1.651961798229e+00,3.472421859210e-02
1.663412650370e+00,3.470862549441e-02
1.674942876026e+00,3.469293184365e-02
1.686553025389e+00,3.467713704422e-02
1.698243652462e+00,3.466124049612e-02
1.710015315090e+00,3.464524159827e-02
1.721868574986e+00,3.462913974714e-02
1.733803997754e+00,3.461293433442e-02
1.745822152921e+00,3.459662475005e-02
1.757923613959e+00,3.458021038253e-02
1.770108958317e+00,3.456369061547e-02
1.782378767448e+00,3.454706482938e-02
1.794733626833e+00,3.453033240437e-02
1.807174126011e+00,3.451349271673e-02
1.819700858610e+00,3.449654513788e-02
1.832314422371e+00,3.447948903836e-02
1.845015419179e+00,3.446232378696e-02
1.857804455092e+00,3.444504874731e-02
1.870682140366e+00,3.442766328027e-02
1.883649089490e+00,3.441016674596e-02
1.896705921211e+00,3.439255850057e-02
1.909853258566e+00,3.437483789623e-02
1.923091728910e+00,3.435700428387e-02
1.936421963947e+00,3.433905701168e-02
1.949844599758e+00,3.432099542350e-02
1.963360276836e+00,3.430281886132e-02
1.976969640112e+00,3.428452666514e-02
1.990673338987e+00,3.426611817050e-02
2.004472027365e+00,3.424759271029e-02
2.018366363682e+00,3.422894961635e-02
2.032357010936e+00,3.421018821651e-02
2.046444636725e+00,3.419130783456e-02
2.060629913270e+00,3.417230779338e-02
2.074913517455e+00,3.415318741342e-02
2.089296130854e+00,3.413394601030e-02
2.103778439766e+00,3.411458289747e-02
2.118361135249e+00,3.409509738723e-02
2.133044913147e+00,3.407548878780e-02
2.147830474131e+00,3.405575640382e-02
2.162718523727e+00,3.403589953872e-02
2.177709772353e+00,3.401591749303e-02
2.192804935350e+00,3.399580956333e-02
2.208004733019e+00,3.397557504434e-02
2.223309890651e+00,3.395521322863e-02
2.238721138568e+00,3.393472340475e-02
2.254239212152e+00,3.391410485887e-02
2.269864851884e+00,3.389335687567e-02
2.285598803375e+00,3.387247873598e-02
2.301441817409e+00,3.385146971732e-02
2.317394649968e+00,3.383032909613e-02
2.333458062281e+00,3.380905614601e-02
2.349632820848e+00,3.378765013633e-02
2.365919697486e+00,3.376611033472e-02
2.382319469359e+00,3.374443600732e-02
2.398832919019e+00,3.372262641624e-02
2.415460834445e+00,3.370068082060e-02
2.432204009074e+00,3.367859847834e-02
2.449063241845e+00,3.365637864443e-02
2.466039337234e+00,3.363402057026e-02
2.483133105296e+00,3.361152350554e-02
2.500345361696e+00,3.358888669776e-02
2.517676927759e+00,3.356610939085e-02
2.535128630498e+00,3.354319082658e-02
2.552701302661e+00,3.352013024502e-02
2.570395782769e+00,3.349692688275e-02
2.588212915153e+00,3.347357997365e-02
2.606153549999e+00,3.345008875038e-02
2.624218543384e+00,3.342645244271e-02
2.642408757322e+00,3.340267027684e-02
2.660725059799e+00,3.337874147765e-02
2.679168324819e+00,3.335466526822e-02
2.697739432445e+00,3.333044086794e-02
2.716439268839e+00,3.330606749390e-02
2.735268726307e+00,3.328154436202e-02
2.754228703338e+00,3.325687068535e-02
2.773320104652e+00,3.323204567385e-02
2.792543841237e+00,3.320706853614e-02
2.811900830399e+00,3.318193847876e-02
2.831391995799e+00,3.315665470514e-02
2.851018267504e+00,3.313121641694e-02
2.870780582025e+00,3.310562281421e-02
2.890679882365e+00,3.307987309401e-02
2.910717118067e+00,3.305396645131e-02
2.930893245250e+00,3.302790207988e-02
2.951209226666e+00,3.300167917085e-02
2.971666031738e+00,3.297529691266e-02
2.992264636608e+00,3.294875449271e-02
3.013006024186e+00,3.292205109662e-02
3.033891184194e+00,3.289518590695e-02
3.054921113216e+00,3.286815810468e-02
3.076096814741e+00,3.284096686982e-02
3.097419299217e+00,3.281361137978e-02
3.118889584094e+00,3.278609080967e-02
3.140508693876e+00,3.275840433366e-02
3.162277660168e+00,3.273055112420e-02
3.184197521726e+00,3.270253035122e-02
3.206269324505e+00,3.267434118342e-02
3.228494121713e+00,3.264598278825e-02
3.250872973854e+00,3.261745433082e-02
3.273406948788e+00,3.258875497479e-02
3.296097121775e+00,3.255988388289e-02
3.318944575526e+00,3.253084021581e-02
3.341950400261e+00,3.250162313240e-02
3.365115693755e+00,3.247223179091e-02
3.388441561392e+00,3.244266534815e-02
3.411929116219e+00,3.241292295868e-02
3.435579478999e+00,3.238300377630e-02
3.459393778261e+00,3.235290695414e-02
3.483373150360e+00,3.232263164335e-02
3.507518739526e+00,3.229217699363e-02
3.531831697920e+00,3.226154215440e-02
3.556313185690e+00,3.223072627379e-02
3.580964371026e+00,3.219972849825e-02
3.605786430216e+00,3.216854797374e-02
3.630780547701e+00,3.213718384554e-02
3.655947916131e+00,3.210563525741e-02
3.681289736425e+00,3.207390135244e-02
3.706807217826e+00,3.204198127339e-02
3.732501577957e+00,3.200987416176e-02
3.758374042884e+00,3.197757915822e-02
3.784425847171e+00,3.194509540345e-02
3.810658233938e+00,3.191242203732e-02
3.837072454923e+00,3.187955819857e-02
3.863669770541e+00,3.184650302604e-02
3.890451449943e+00,3.181325565848e-02
3.917418771078e+00,3.177981523356e-02
3.944573020753e+00,3.174618088867e-02
3.971915494694e+00,3.171235176167e-02
3.999447497611e+00,3.167832698990e-02
4.027170343255e+00,3.164410571012e-02
4.055085354484e+00,3.160968705958e-02
4.083193863327e+00,3.157507017569e-02
4.111497211045e+00,3.154025419543e-02
4.139996748197e+00,3.150523825611e-02
4.168693834703e+00,3.147002149560e-02
4.197589839910e+00,3.143460305165e-02
4.226686142656e+00,3.139898206233e-02
4.255984131337e+00,3.136315766662e-02
4.285485203974e+00,3.132712900371e-02
4.315190768278e+00,3.129089521302e-02
4.345102241716e+00,3.125445543514e-02
4.375221051583e+00,3.121780881150e-02
4.405548635066e+00,3.118095448371e-02
4.436086439314e+00,3.114389159446e-02
4.466835921510e+00,3.110661928791e-02
4.497798548933e+00,3.106913670885e-02
4.528975799036e+00,3.103144300286e-02
4.560369159513e+00,3.099353731726e-02
4.591980128369e+00,3.095541880068e-02
4.623810213993e+00,3.091708660261e-02
4.655860935230e+00,3.087853987427e-02
4.688133821453e+00,3.083977776866e-02
4.720630412636e+00,3.080079944002e-02
4.753352259428e+00,3.076160404433e-02
4.786300923226e+00,3.072219073972e-02
4.819477976251e+00,3.068255868596e-02
4.852885001621e+00,3.064270704458e-02
4.886523593428e+00,3.060263497964e-02
4.920395356815e+00,3.056234165734e-02
4.954501908048e+00,3.052182624566e-02
4.988844874600e+00,3.048108791525e-02
5.023425895224e+00,3.044012583957e-02
5.058246620031e+00,3.039893919419e-02
5.093308710572e+00,3.035752715721e-02
5.128613839914e+00,3.031588891001e-02
5.164163692721e+00,3.027402363671e-02
5.199959965335e+00,3.023193052403e-02
5.236004365858e+00,3.018960876208e-02
5.272298614228e+00,3.014705754434e-02
5.308844442310e+00,3.010427606724e-02
5.345643593970e+00,3.006126353067e-02
5.382697825163e+00,3.001801913833e-02
5.420008904016e+00,2.997454209734e-02
5.457578610913e+00,2.993083161842e-02
5.495408738576e+00,2.988688691655e-02
5.533501092157e+00,2.984270721056e-02
5.571857489319e+00,2.979829172309e-02
5.610479760325e+00,2.975363968131e-02
5.649369748123e+00,2.970875031692e-02
5.688529308438e+00,2.966362286568e-02
5.727960309858e+00,2.961825656798e-02
5.767664633923e+00,2.957265066932e-02
5.807644175213e+00,2.952680441986e-02
5.847900841445e+00,2.948071707446e-02
5.888436553556e+00,2.943438789340e-02
5.929253245800e+00,2.938781614230e-02
5.970352865838e+00,2.934100109185e-02
6.011737374833e+00,2.929394201832e-02
6.053408747539e+00,2.924663820386e-02
6.095368972402e+00,2.919908893617e-02
6.137620051648e+00,2.915129350884e-02
6.180164001384e+00,2.910325122175e-02
6.223002851692e+00,2.905496138089e-02
6.266138646723e+00,2.900642329836e-02
6.309573444802e+00,2.895763629304e-02
6.353309318517e+00,2.890859969052e-02
6.397348354826e+00,2.885931282280e-02
6.441692655152e+00,2.880977502895e-02
6.486344335482e+00,2.875998565539e-02
6.531305526475e+00,2.870994405556e-02
6.576578373554e+00,2.865964959007e-02
6.622165037018e+00,2.860910162740e-02
6.668067692136e+00,2.855829954377e-02
6.714288529260e+00,2.850724272291e-02
6.760829753920e+00,2.845593055674e-02
6.807693586937e+00,2.840436244551e-02
6.854882264527e+00,2.835253779760e-02
6.902398038402e+00,2.830045602986e-02
6.950243175888e+00,2.824811656801e-02
6.998419960023e+00,2.819551884649e-02
7.046930689671e+00,2.814266230860e-02
7.095777679634e+00,2.808954640703e-02
7.144963260755e+00,2.803617060381e-02
7.194489780037e+00,2.798253437021e-02
7.244359600750e+00,2.792863718738e-02
7.294575102546e+00,2.787447854648e-02
7.345138681571e+00,2.782005794848e-02
7.396052750582e+00,2.776537490448e-02
7.447319739060e+00,2.771042893626e-02
7.498942093325e+00,2.765521957613e-02
7.550922276654e+00,2.759974636688e-02
7.603262769402e+00,2.754400886245e-02
7.655966069113e+00,2.748800662802e-02
7.709034690644e+00,2.743173923985e-02
7.762471166287e+00,2.737520628574e-02
7.816278045883e+00,2.731840736533e-02
7.870457896951e+00,2.726134209003e-02
7.925013304805e+00,2.720401008322e-02
7.979946872680e+00,2.714641098074e-02
8.035261221856e+00,2.708854443086e-02
8.090958991784e+00,2.703041009428e-02
8.147042840208e+00,2.697200764474e-02
8.203515443298e+00,2.691333676912e-02
8.260379495772e+00,2.685439716730e-02
8.317637711027e+00,2.679518855263e-02
8.375292821269e+00,2.673571065234e-02
8.433347577643e+00,2.667596320738e-02
8.491804750363e+00,2.661594597256e-02
8.550667128847e+00,2.655565871719e-02
8.609937521846e+00,2.649510122508e-02
8.669618757582e+00,2.643427329451e-02
8.729713683881e+00,2.637317473868e-02
8.790225168309e+00,2.631180538606e-02
8.851156098308e+00,2.625016508026e-02
8.912509381337e+00,2.618825368037e-02
8.974287945007e+00,2.612607106135e-02
9.036494737223e+00,2.606361711406e-02
9.099132726323e+00,2.600089174536e-02
9.162204901220e+00,2.593789487868e-02
9.225714271548e+00,2.587462645403e-02
9.289663867799e+00,2.581108642807e-02
9.354056741476e+00,2.574727477451e-02
9.418895965228e+00,2.568319148453e-02
9.484184633009e+00,2.561883656657e-02
9.549925860214e+00,2.555421004666e-02
9.616122783837e+00,2.548931196898e-02
9.682778562612e+00,2.542414239578e-02
9.749896377174e+00,2.535870140751e-02
9.817479430200e+00,2.529298910325e-02
9.885530946569e+00,2.522700560104e-02
9.954054173515e+00,2.516075103777e-02
1.002305238078e+01,2.509422556954e-02
1.009252886077e+01,2.502742937210e-02
1.016248692871e+01,2.496036264078e-02
1.023292992281e+01,2.489302559080e-02
1.030386120442e+01,2.482541845762e-02
1.037528415818e+01,2.475754149710e-02
1.044720219221e+01,2.468939498554e-02
1.051961873823e+01,2.462097922019e-02
1.059253725177e+01,2.455229451947e-02
1.066596121230e+01,2.448334122290e-02
1.073989412341e+01,2.441411969149e-02
1.081433951298e+01,2.434463030823e-02
1.088930093333e+01,2.427487347797e-02
1.096478196143e+01,2.420484962764e-02
1.104078619902e+01,2.413455920673e-02
1.111731727282e+01,2.406400268747e-02
1.119437883467e+01,2.399318056482e-02
1.127197456176e+01,2.392209335687e-02
1.135010815672e+01,2.385074160519e-02
1.142878334790e+01,2.377912587483e-02
1.150800388944e+01,2.370724675457e-02
1.158777356155e+01,2.363510485734e-02
1.166809617061e+01,2.356270082031e-02
1.174897554940e+01,2.349003530496e-02
1.183041555725e+01,2.341710899763e-02
1.191242008027e+01,2.334392260962e-02
1.199499303149e+01,2.327047687719e-02
1.207813835107e+01,2.319677256202e-02
1.216186000646e+01,2.312281045152e-02
1.224616199265e+01,2.304859135881e-02
1.233104833229e+01,2.297411612292e-02
1.241652307592e+01,2.289938560927e-02
1.250259030218e+01,2.282440070980e-02
1.258925411794e+01,2.274916234294e-02
1.267651865858e+01,2.267367145409e-02
1.276438808811e+01,2.259792901583e-02
1.285286659944e+01,2.252193602801e-02
1.294195841450e+01,2.244569351791e-02
1.303166778452e+01,2.236920254069e-02
1.312199899019e+01,2.229246417942e-02
1.321295634187e+01,2.221547954520e-02
1.330454417978e+01,2.213824977759e-02
1.339676687426e+01,2.206077604472e-02
1.348962882592e+01,2.198305954333e-02
1.358313446587e+01,2.190510149913e-02
1.367728825596e+01,2.182690316713e-02
1.377209468894e+01,2.174846583150e-02
1.386755828872e+01,2.166979080587e-02
1.396368361056e+01,2.159087943377e-02
1.406047524130e+01,2.151173308859e-02
1.415793779957e+01,2.143235317364e-02
1.425607593602e+01,2.135274112259e-02
1.435489433354e+01,2.127289839965e-02
1.445439770746e+01,2.119282649948e-02
1.455459080582e+01,2.111252694749e-02
1.465547840956e+01,2.103200130015e-02
1.475706533276e+01,2.095125114496e-02
1.485935642287e+01,2.087027810060e-02
1.496235656094e+01,2.078908381727e-02
1.506607066187e+01,2.070766997680e-02
1.517050367459e+01,2.062603829258e-02
1.527566058238e+01,2.054419051003e-02
1.538154640303e+01,2.046212840666e-02
1.548816618912e+01,2.037985379187e-02
1.559552502827e+01,2.029736850732e-02
1.570362804334e+01,2.021467442744e-02
1.581248039270e+01,2.013177345909e-02
1.592208727051e+01,2.004866754152e-02
1.603245390690e+01,1.996535864695e-02
1.614358556826e+01,1.988184878099e-02
1.625548755750e+01,1.979813998085e-02
1.636816521428e+01,1.971423431842e-02
1.648162391526e+01,1.963013389804e-02
1.659586907438e+01,1.954584085750e-02
1.671090614311e+01,1.946135736781e-02
1.682674061070e+01,1.937668563360e-02
1.694337800447e+01,1.929182789293e-02
1.706082389003e+01,1.920678641764e-02
1.717908387158e+01,1.912156351311e-02
1.729816359215e+01,1.903616131613e-02
1.741806873392e+01,1.895058280725e-02
1.753880501842e+01,1.886482978579e-02
1.766037820686e+01,1.877890489496e-02
1.778279410039e+01,1.869281060936e-02
1.790605854035e+01,1.860654943765e-02
1.803017740860e+01,1.852012392263e-02
1.815515662773e+01,1.843353664069e-02
1.828100216143e+01,1.834679017155e-02
1.840772001469e+01,1.825988725293e-02
1.853531623415e+01,1.817283047044e-02
1.866379690835e+01,1.808562256777e-02
1.879316816803e+01,1.799826629158e-02
1.892343618645e+01,1.791076442255e-02
1.905460717963e+01,1.782311977522e-02
1.918668740670e+01,1.773533519802e-02
1.931968317017e+01,1.764741357330e-02
1.945360081623e+01,1.755935781712e-02
1.958844673506e+01,1.747117087930e-02
1.972422736115e+01,1.738285574338e-02
1.986094917357e+01,1.729441550828e-02
1.999861869633e+01,1.720585297896e-02
2.013724249862e+01,1.711717148497e-02
2.027682719521e+01,1.702837408693e-02
2.041737944670e+01,1.693946385982e-02
2.055890595984e+01,1.685044406260e-02
2.070141348791e+01,1.676131788665e-02
2.084490883097e+01,1.667208842638e-02
2.098939883624e+01,1.658275942833e-02
2.113489039837e+01,1.649333361448e-02
2.128139045983e+01,1.640381485025e-02
2.142890601120e+01,1.631420619034e-02
2.157744409153e+01,1.622451111421e-02
2.172701178864e+01,1.613473308435e-02
2.187761623950e+01,1.604487557503e-02
2.202926463053e+01,1.595494209191e-02
2.218196419800e+01,1.586493617184e-02
2.233572222831e+01,1.577486134850e-02
2.249054605836e+01,1.568472132243e-02
2.264644307593e+01,1.559451962036e-02
2.280342072000e+01,1.550425993537e-02
2.296148648112e+01,1.541394595637e-02
2.312064790176e+01,1.532358140186e-02
2.328091257665e+01,1.523317004868e-02
2.344228815320e+01,1.514271558686e-02
2.360478233181e+01,1.505222190880e-02
2.376840286625e+01,1.496169281953e-02
2.393315756405e+01,1.487113224027e-02
2.409905428687e+01,1.478054388314e-02
2.426610095082e+01,1.468993184280e-02
2.443430552694e+01,1.459930000415e-02
2.460367604148e+01,1.450865233784e-02
2.477422057633e+01,1.441799284065e-02
2.494594726943e+01,1.432732553094e-02
2.511886431510e+01,1.423665446999e-02
2.529297996446e+01,1.414598371764e-02
2.546830252585e+01,1.405531746871e-02
2.564484036518e+01,1.396465956680e-02
2.582260190635e+01,1.387401443546e-02
2.600159563165e+01,1.378338615056e-02
2.618183008219e+01,1.369277890344e-02
2.636331385825e+01,1.360219683749e-02
2.654605561976e+01,1.351164439830e-02
2.673006408663e+01,1.342112563201e-02
2.691534803927e+01,1.333064488590e-02
2.710191631891e+01,1.324020645726e-02
2.728977782808e+01,1.314981466303e-02
2.747894153102e+01,1.305947383919e-02
2.766941645412e+01,1.296918834022e-02
2.786121168630e+01,1.287896253847e-02
2.805433637952e+01,1.278880082368e-02
2.824879974916e+01,1.269870760223e-02
2.844461107448e+01,1.260868730730e-02
2.864177969907e+01,1.251874434498e-02
2.884031503127e+01,1.242888320004e-02
2.904022654464e+01,1.233910832889e-02
2.924152377843e+01,1.224942421214e-02
2.944421633799e+01,1.215983534729e-02
2.964831389524e+01,1.207034622796e-02
2.985382618918e+01,1.198096128169e-02
3.006076302628e+01,1.189168533757e-02
3.026913428101e+01,1.180252262862e-02
3.047894989628e+01,1.171347780399e-02
3.069021988391e+01,1.162455541984e-02
3.090295432514e+01,1.153576004019e-02
3.111716337106e+01,1.144709623625e-02
3.133285724316e+01,1.135856862825e-02
3.155004623375e+01,1.127018169999e-02
3.176874070650e+01,1.118194008183e-02
3.198895109691e+01,1.109384840886e-02
3.221068791283e+01,1.100591124787e-02
3.243396173493e+01,1.091813319665e-02
3.265878321723e+01,1.083051885459e-02
3.288516308760e+01,1.074307282187e-02
3.311311214826e+01,1.065579969865e-02
3.334264127632e+01,1.056870408414e-02
3.357376142430e+01,1.048179057585e-02
3.380648362060e+01,1.039506376865e-02
3.404081897010e+01,1.030852824413e-02
3.427677865465e+01,1.022218866398e-02
3.451437393359e+01,1.013604944485e-02
3.475361614432e+01,1.005011530788e-02
3.499451670284e+01,9.964390776412e-03
3.523708710425e+01,9.878880411079e-03
3.548133892336e+01,9.793588763639e-03
3.572728381519e+01,9.708520376051e-03
3.597493351557e+01,9.623679779549e-03
3.622429984167e+01,9.539071493719e-03
3.647539469256e+01,9.454700025542e-03
3.672823004981e+01,9.370569868451e-03
3.698281797803e+01,9.286685485431e-03
3.723917062546e+01,9.203051387871e-03
3.749730022455e+01,9.119671974954e-03
3.775721909254e+01,9.036551692352e-03
3.801893963206e+01,8.953694951434e-03
3.828247433168e+01,8.871106144242e-03
3.854783576658e+01,8.788789596807e-03
3.881503659906e+01,8.706749796772e-03
3.908408957924e+01,8.624990935213e-03
3.935500754558e+01,8.543517362839e-03
3.962780342554e+01,8.462333360422e-03
3.990249023621e+01,8.381443183532e-03
4.017908108489e+01,8.300851077207e-03
4.045758916974e+01,8.220561196601e-03
4.073802778041e+01,8.140577762750e-03
4.102041029866e+01,8.060904904817e-03
4.130475019902e+01,7.981546737486e-03
4.159106104940e+01,7.902507344301e-03
4.187935651179e+01,7.823790776673e-03
4.216965034286e+01,7.745401053955e-03
4.246195639463e+01,7.667342157155e-03
4.275628861516e+01,7.589618038573e-03
4.305266104917e+01,7.512232610190e-03
4.335108783875e+01,7.435189748015e-03
4.365158322402e+01,7.358493290055e-03
4.395416154378e+01,7.282147035331e-03
4.425883723626e+01,7.206154751606e-03
4.456562483975e+01,7.130520131010e-03
4.487453899331e+01,7.055246876479e-03
4.518559443749e+01,6.980338613577e-03
4.549880601500e+01,6.905798928330e-03
4.581418867145e+01,6.831631367298e-03
4.613175745604e+01,6.757839432741e-03
4.645152752227e+01,6.684426575938e-03
4.677351412872e+01,6.611396199128e-03
4.709773263970e+01,6.538751670740e-03
4.742419852602e+01,6.466496285045e-03
4.775292736577e+01,6.394633288753e-03
4.808393484497e+01,6.323165935950e-03
4.841723675841e+01,6.252097340163e-03
4.875284901034e+01,6.181430599346e-03
4.909078761526e+01,6.111168813874e-03
4.943106869868e+01,6.041314911498e-03
4.977370849789e+01,5.971871882311e-03
5.011872336273e+01,5.902842572549e-03
5.046612975635e+01,5.834229839200e-03
5.081594425606e+01,5.766036412541e-03
5.116818355403e+01,5.698265065374e-03
5.152286445818e+01,5.630918382956e-03
5.188000389290e+01,5.563998990834e-03
5.223961889991e+01,5.497509416472e-03
5.260172663907e+01,5.431452142493e-03
5.296634438917e+01,5.365829541732e-03
5.333348954876e+01,5.300644013687e-03
5.370317963703e+01,5.235897762893e-03
5.407543229456e+01,5.171593100893e-03
5.445026528424e+01,5.107732118056e-03
5.482769649209e+01,5.044316907507e-03
5.520774392808e+01,4.981349497497e-03
5.559042572704e+01,4.918831878668e-03
5.597576014951e+01,4.856765898321e-03
5.636376558260e+01,4.795153388726e-03
5.675446054085e+01,4.733996114248e-03
5.714786366719e+01,4.673295776903e-03
5.754399373372e+01,4.613053964163e-03
5.794286964269e+01,4.553272216877e-03
5.834451042737e+01,4.493952081836e-03
5.874893525298e+01,4.435094895820e-03
5.915616341755e+01,4.376702042414e-03
5.956621435290e+01,4.318774758943e-03
5.997910762555e+01,4.261314275728e-03
6.039486293764e+01,4.204321688684e-03
6.081350012787e+01,4.147798082718e-03
6.123503917248e+01,4.091744411045e-03
6.165950018615e+01,4.036161617871e-03
6.208690342301e+01,3.981050507414e-03
6.251726927757e+01,3.926411875489e-03
6.295061828572e+01,3.872246398737e-03
6.338697112569e+01,3.818554713971e-03
6.382634861905e+01,3.765337373250e-03
6.426877173170e+01,3.712594826251e-03
6.471426157486e+01,3.660327504017e-03
6.516283940608e+01,3.608535728678e-03
6.561452663029e+01,3.557219758592e-03
6.606934480076e+01,3.506379779354e-03
6.652731562017e+01,3.456015903863e-03
6.698846094165e+01,3.406128183868e-03
6.745280276979e+01,3.356716552775e-03
6.792036326172e+01,3.307780940419e-03
6.839116472814e+01,3.259321158604e-03
6.886522963443e+01,3.211336958613e-03
6.934258060166e+01,3.163828019970e-03
6.982324040772e+01,3.116793950693e-03
7.030723198838e+01,3.070234287566e-03
7.079457843841e+01,3.024148496447e-03
7.128530301265e+01,2.978535972601e-03
7.177942912714e+01,2.933396041052e-03
7.227698036022e+01,2.888727956967e-03
7.277798045368e+01,2.844530906072e-03
7.328245331389e+01,2.800804005086e-03
7.379042301291e+01,2.757546302180e-03
7.430191378967e+01,2.714756777469e-03
7.481695005112e+01,2.672434343529e-03
7.533555637337e+01,2.630577845929e-03
7.585775750292e+01,2.589186063803e-03
7.638357835777e+01,2.548257710438e-03
7.691304402866e+01,2.507791433890e-03
7.744617978025e+01,2.467785817619e-03
7.798301105233e+01,2.428239381159e-03
7.852356346101e+01,2.389150580800e-03
7.906786279998e+01,2.350517810302e-03
7.961593504173e+01,2.312339401628e-03
8.016780633877e+01,2.274613625704e-03
8.072350302488e+01,2.237338693191e-03
8.128305161641e+01,2.200512755293e-03
8.184647881348e+01,2.164133904581e-03
8.241381150130e+01,2.128200175830e-03
8.298507675144e+01,2.092709546888e-03
8.356030182312e+01,2.057659939564e-03
8.413951416452e+01,2.023049220526e-03
8.472274141406e+01,1.988875202231e-03
8.531001140176e+01,1.955135643861e-03
8.590135215054e+01,1.921828252291e-03
8.649679187757e+01,1.888950683062e-03
8.709635899561e+01,1.856500541380e-03
8.770008211436e+01,1.824475383125e-03
8.830799004186e+01,1.792872715880e-03
8.892011178579e+01,1.761689999972e-03
8.953647655496e+01,1.730924649535e-03
9.015711376060e+01,1.700574033577e-03
9.078205301782e+01,1.670635477066e-03
9.141132414703e+01,1.641106262028e-03
9.204495717532e+01,1.611983628659e-03
9.268298233793e+01,1.583264776446e-03
9.332543007970e+01,1.554946865295e-03
9.397233105646e+01,1.527027016679e-03
9.462371613658e+01,1.499502314790e-03
9.527961640237e+01,1.472369807693e-03
9.594006315159e+01,1.445626508500e-03
9.660508789898e+01,1.419269396547e-03
9.727472237770e+01,1.393295418573e-03
9.794899854087e+01,1.367701489909e-03
9.862794856312e+01,1.342484495671e-03
9.931160484209e+01,1.317641291963e-03
1.000000000000e+02,1.293168707072e-03
1.001000000000e+02,1.289658211229e-03
1.003306540510e+02,1.281603663637e-03
1.005618395835e+02,1.273589734633e-03
1.007935578220e+02,1.265616304839e-03
1.010258099941e+02,1.257683254575e-03
1.012585973301e+02,1.249790463865e-03
1.014919210632e+02,1.241937812443e-03
1.017257824292e+02,1.234125179754e-03
1.019601826671e+02,1.226352444966e-03
1.021951230185e+02,1.218619486969e-03
1.024306047280e+02,1.210926184379e-03
1.026666290429e+02,1.203272415551e-03
1.029031972137e+02,1.195658058575e-03
1.031403104934e+02,1.188082991286e-03
1.033779701382e+02,1.180547091267e-03
1.036161774069e+02,1.173050235855e-03
1.038549335615e+02,1.165592302147e-03
1.040942398666e+02,1.158173167002e-03
1.043340975900e+02,1.150792707046e-03
1.045745080023e+02,1.143450798682e-03
1.048154723770e+02,1.136147318090e-03
1.050569919905e+02,1.128882141231e-03
1.052990681223e+02,1.121655143857e-03
1.055417020547e+02,1.114466201512e-03
1.057848950729e+02,1.107315189540e-03
1.060286484654e+02,1.100201983085e-03
1.062729635233e+02,1.093126457101e-03
1.065178415408e+02,1.086088486355e-03
1.067632838151e+02,1.079087945430e-03
1.070092916464e+02,1.072124708733e-03
1.072558663378e+02,1.065198650500e-03
1.075030091957e+02,1.058309644796e-03
1.077507215290e+02,1.051457565527e-03
1.079990046501e+02,1.044642286438e-03
1.082478598742e+02,1.037863681122e-03
1.084972885195e+02,1.031121623026e-03
1.087472919073e+02,1.024415985452e-03
1.089978713620e+02,1.017746641563e-03
1.092490282110e+02,1.011113464390e-03
1.095007637847e+02,1.004516326833e-03
1.097530794166e+02,9.979551016714e-04
1.100059764434e+02,9.914296615623e-04
1.102594562047e+02,9.849398790498e-04
1.105135200432e+02,9.784856265684e-04
1.107681693049e+02,9.720667764474e-04
1.110234053386e+02,9.656832009167e-04
1.112792294964e+02,9.593347721101e-04
1.115356431336e+02,9.530213620709e-04
1.117926476083e+02,9.467428427569e-04
1.120502442821e+02,9.404990860447e-04
1.123084345195e+02,9.342899637339e-04
1.125672196882e+02,9.281153475526e-04
1.128266011591e+02,9.219751091615e-04
1.130865803061e+02,9.158691201596e-04
1.133471585066e+02,9.097972520869e-04
1.136083371407e+02,9.037593764308e-04
1.138701175922e+02,8.977553646299e-04
1.141325012477e+02,8.917850880789e-04
1.143954894971e+02,8.858484181330e-04
1.146590837336e+02,8.799452261120e-04
1.149232853535e+02,8.740753833059e-04
1.151880957563e+02,8.682387609790e-04
1.154535163449e+02,8.624352303738e-04
1.157195485252e+02,8.566646627161e-04
1.159861937065e+02,8.509269292192e-04
1.162534533013e+02,8.452219010891e-04
1.165213287254e+02,8.395494495282e-04
1.167898213977e+02,8.339094457392e-04
1.170589327406e+02,8.283017609311e-04
1.173286641797e+02,8.227262663222e-04
1.175990171436e+02,8.171828331453e-04
1.178699930647e+02,8.116713326516e-04
1.181415933784e+02,8.061916361148e-04
1.184138195233e+02,8.007436148366e-04
1.186866729416e+02,7.953271401498e-04
1.189601550786e+02,7.899420834227e-04
1.192342673831e+02,7.845883160639e-04
1.195090113071e+02,7.792657095262e-04
1.197843883060e+02,7.739741353115e-04
1.200603998386e+02,7.687134649736e-04
1.203370473670e+02,7.634835701232e-04
1.206143323566e+02,7.582843224328e-04
1.208922562764e+02,7.531155936395e-04
1.211708205986e+02,7.479772555498e-04
1.214500267987e+02,7.428691800436e-04
1.217298763560e+02,7.377912390782e-04
1.220103707527e+02,7.327433046930e-04
1.222915114748e+02,7.277252490121e-04
1.225733000115e+02,7.227369442496e-04
1.228557378556e+02,7.177782627131e-04
1.231388265033e+02,7.128490768079e-04
1.234225674540e+02,7.079492590406e-04
1.237069622110e+02,7.030786820229e-04
1.239920122807e+02,6.982372184760e-04
1.242777191730e+02,6.934247412346e-04
1.245640844016e+02,6.886411232499e-04
1.248511094833e+02,6.838862375939e-04
1.251387959386e+02,6.791599574632e-04
1.254271452915e+02,6.744621561832e-04
1.257161590694e+02,6.697927072111e-04
1.260058388034e+02,6.651514841398e-04
1.262961860279e+02,6.605383607021e-04
1.265872022810e+02,6.559532107737e-04
1.268788891043e+02,6.513959083775e-04
1.271712480430e+02,6.468663276867e-04
1.274642806457e+02,6.423643430285e-04
1.277579884648e+02,6.378898288880e-04
1.280523730562e+02,6.334426599115e-04
1.283474359791e+02,6.290227109100e-04
1.286431787968e+02,6.246298568627e-04
1.289396030758e+02,6.202639729204e-04
1.292367103863e+02,6.159249344096e-04
1.295345023023e+02,6.116126168347e-04
1.298329804013e+02,6.073268958824e-04
1.301321462643e+02,6.030676474249e-04
1.304320014761e+02,5.988347475228e-04
1.307325476252e+02,5.946280724288e-04
1.310337863036e+02,5.904474985908e-04
1.313357191071e+02,5.862929026552e-04
1.316383476352e+02,5.821641614706e-04
1.319416734908e+02,5.780611520901e-04
1.322456982809e+02,5.739837517749e-04
1.325504236160e+02,5.699318379977e-04
1.328558511102e+02,5.659052884457e-04
1.331619823816e+02,5.619039810236e-04
1.334688190517e+02,5.579277938562e-04
1.337763627460e+02,5.539766052923e-04
1.340846150936e+02,5.500502939075e-04
1.343935777275e+02,5.461487385067e-04
1.347032522843e+02,5.422718181273e-04
1.350136404044e+02,5.384194120422e-04
1.353247437321e+02,5.345913997630e-04
1.356365639154e+02,5.307876610421e-04
1.359491026061e+02,5.270080758762e-04
1.362623614597e+02,5.232525245088e-04
1.365763421358e+02,5.195208874331e-04
1.368910462975e+02,5.158130453949e-04
1.372064756119e+02,5.121288793947e-04
1.375226317501e+02,5.084682706911e-04
1.378395163866e+02,5.048311008034e-04
1.381571312003e+02,5.012172515138e-04
1.384754778735e+02,4.976266048702e-04
1.387945580927e+02,4.940590431888e-04
1.391143735481e+02,4.905144490570e-04
1.394349259338e+02,4.869927053355e-04
1.397562169480e+02,4.834936951605e-04
1.400782482926e+02,4.800173019469e-04
1.404010216735e+02,4.765634093905e-04
1.407245388006e+02,4.731319014699e-04
1.410488013875e+02,4.697226624497e-04
1.413738111521e+02,4.663355768821e-04
1.416995698159e+02,4.629705296094e-04
1.420260791047e+02,4.596274057671e-04
1.423533407480e+02,4.563060907847e-04
1.426813564795e+02,4.530064703891e-04
1.430101280367e+02,4.497284306062e-04
1.433396571613e+02,4.464718577635e-04
1.436699455988e+02,4.432366384921e-04
1.440009950990e+02,4.400226597281e-04
1.443328074154e+02,4.368298087160e-04
1.446653843057e+02,4.336579730096e-04
1.449987275318e+02,4.305070404749e-04
1.453328388595e+02,4.273768992913e-04
1.456677200586e+02,4.242674379538e-04
1.460033729031e+02,4.211785452757e-04
1.463397991711e+02,4.181101103895e-04
1.466770006447e+02,4.150620227489e-04
1.470149791101e+02,4.120341721313e-04
1.473537363578e+02,4.090264486390e-04
1.476932741822e+02,4.060387427015e-04
1.480335943820e+02,4.030709450765e-04
1.483746987599e+02,4.001229468523e-04
1.487165891230e+02,3.971946394496e-04
1.490592672822e+02,3.942859146225e-04
1.494027350528e+02,3.913966644606e-04
1.497469942543e+02,3.885267813905e-04
1.500920467104e+02,3.856761581775e-04
1.504378942489e+02,3.828446879272e-04
1.507845387018e+02,3.800322640867e-04
1.511319819054e+02,3.772387804461e-04
1.514802257003e+02,3.744641311406e-04
1.518292719312e+02,3.717082106514e-04
1.521791224470e+02,3.689709138071e-04
1.525297791011e+02,3.662521357852e-04
1.528812437509e+02,3.635517721136e-04
1.532335182584e+02,3.608697186719e-04
1.535866044896e+02,3.582058716923e-04
1.539405043148e+02,3.555601277613e-04
1.542952196089e+02,3.529323838208e-04
1.546507522508e+02,3.503225371696e-04
1.550071041240e+02,3.477304854641e-04
1.553642771160e+02,3.451561267195e-04
1.557222731190e+02,3.425993593114e-04
1.560810940294e+02,3.400600819766e-04
1.564407417480e+02,3.375381938141e-04
1.568012181798e+02,3.350335942865e-04
1.571625252346e+02,3.325461832202e-04
1.575246648261e+02,3.300758608077e-04
1.578876388728e+02,3.276225276075e-04
1.582514492976e+02,3.251860845453e-04
1.586160980274e+02,3.227664329151e-04
1.589815869941e+02,3.203634743801e-04
1.593479181338e+02,3.179771109734e-04
1.597150933869e+02,3.156072450988e-04
1.600831146986e+02,3.132537795316e-04
1.604519840184e+02,3.109166174199e-04
1.608217033002e+02,3.085956622847e-04
1.611922745026e+02,3.062908180207e-04
1.615636995886e+02,3.040019888975e-04
1.619359805257e+02,3.017290795596e-04
1.623091192861e+02,2.994719950280e-04
1.626831178463e+02,2.972306406995e-04
1.630579781877e+02,2.950049223486e-04
1.634337022958e+02,2.927947461272e-04
1.638102921610e+02,2.906000185657e-04
1.641877497782e+02,2.884206465733e-04
1.645660771470e+02,2.862565374382e-04
1.649452762714e+02,2.841075988286e-04
1.653253491602e+02,2.819737387932e-04
1.657062978268e+02,2.798548657608e-04
1.660881242891e+02,2.777508885416e-04
1.664708305697e+02,2.756617163273e-04
1.668544186961e+02,2.735872586912e-04
1.672388907001e+02,2.715274255889e-04
1.676242486185e+02,2.694821273584e-04
1.680104944926e+02,2.674512747204e-04
1.683976303684e+02,2.654347787785e-04
1.687856582967e+02,2.634325510199e-04
1.691745803331e+02,2.614445033148e-04
1.695643985377e+02,2.594705479171e-04
1.699551149756e+02,2.575105974648e-04
1.703467317165e+02,2.555645649797e-04
1.707392508349e+02,2.536323638676e-04
1.711326744100e+02,2.517139079186e-04
1.715270045261e+02,2.498091113069e-04
1.719222432719e+02,2.479178885913e-04
1.723183927411e+02,2.460401547147e-04
1.727154550324e+02,2.441758250043e-04
1.731134322489e+02,2.423248151721e-04
1.735123264990e+02,2.404870413140e-04
1.739121398957e+02,2.386624199105e-04
1.743128745570e+02,2.368508678259e-04
1.747145326055e+02,2.350523023091e-04
1.751171161692e+02,2.332666409928e-04
1.755206273804e+02,2.314938018936e-04
1.759250683769e+02,2.297337034118e-04
1.763304413009e+02,2.279862643313e-04
1.767367483000e+02,2.262514038193e-04
1.771439915264e+02,2.245290414264e-04
1.775521731374e+02,2.228190970858e-04
1.779612952952e+02,2.211214911135e-04
1.783713601672e+02,2.194361442080e-04
1.787823699255e+02,2.177629774499e-04
1.791943267475e+02,2.161019123014e-04
1.796072328153e+02,2.144528706064e-04
1.800210903162e+02,2.128157745899e-04
1.804359014426e+02,2.111905468577e-04
1.808516683918e+02,2.095771103958e-04
1.812683933663e+02,2.079753885704e-04
1.816860785736e+02,2.063853051271e-04
1.821047262264e+02,2.048067841910e-04
1.825243385422e+02,2.032397502655e-04
1.829449177439e+02,2.016841282323e-04
1.833664660596e+02,2.001398433509e-04
1.837889857221e+02,1.986068212581e-04
1.842124789697e+02,1.970849879674e-04
1.846369480459e+02,1.955742698682e-04
1.850623951991e+02,1.940745937259e-04
1.854888226831e+02,1.925858866808e-04
1.859162327567e+02,1.911080762475e-04
1.863446276842e+02,1.896410903148e-04
1.867740097347e+02,1.881848571445e-04
1.872043811830e+02,1.867393053711e-04
1.876357443088e+02,1.853043640012e-04
1.880681013971e+02,1.838799624124e-04
1.885014547383e+02,1.824660303532e-04
1.889358066280e+02,1.810624979421e-04
1.893711593671e+02,1.796692956667e-04
1.898075152618e+02,1.782863543830e-04
1.902448766235e+02,1.769136053150e-04
1.906832457692e+02,1.755509800538e-04
1.911226250209e+02,1.741984105566e-04
1.915630167063e+02,1.728558291462e-04
1.920044231581e+02,1.715231685099e-04
1.924468467147e+02,1.702003616994e-04
1.928902897197e+02,1.688873421290e-04
1.933347545222e+02,1.675840435756e-04
1.937802434766e+02,1.662904001773e-04
1.942267589428e+02,1.650063464331e-04
1.946743032861e+02,1.637318172015e-04
1.951228788774e+02,1.624667476998e-04
1.955724880928e+02,1.612110735034e-04
1.960231333140e+02,1.599647305446e-04
1.964748169283e+02,1.587276551121e-04
1.969275413284e+02,1.574997838496e-04
1.973813089125e+02,1.562810537552e-04
1.978361220843e+02,1.550714021803e-04
1.982919832531e+02,1.538707668287e-04
1.987488948338e+02,1.526790857556e-04
1.992068592467e+02,1.514962973667e-04
1.996658789178e+02,1.503223404172e-04
2.001259562786e+02,1.491571540108e-04
2.005870937665e+02,1.480006775984e-04
2.010492938240e+02,1.468528509775e-04
2.015125588997e+02,1.457136142912e-04
2.019768914476e+02,1.445829080268e-04
2.024422939274e+02,1.434606730150e-04
2.029087688044e+02,1.423468504285e-04
2.033763185498e+02,1.412413817817e-04
2.038449456403e+02,1.401442089289e-04
2.043146525583e+02,1.390552740636e-04
2.047854417920e+02,1.379745197169e-04
2.052573158354e+02,1.369018887573e-04
2.057302771880e+02,1.358373243889e-04
2.062043283554e+02,1.347807701503e-04
2.066794718486e+02,1.337321699139e-04
2.071557101847e+02,1.326914678843e-04
2.076330458865e+02,1.316586085977e-04
2.081114814825e+02,1.306335369202e-04
2.085910195072e+02,1.296161980471e-04
2.090716625008e+02,1.286065375011e-04
2.095534130094e+02,1.276045011323e-04
2.100362735849e+02,1.266100351158e-04
2.105202467854e+02,1.256230859511e-04
2.110053351744e+02,1.246436004611e-04
2.114915413218e+02,1.236715257905e-04
2.119788678029e+02,1.227068094048e-04
2.124673171994e+02,1.217493990891e-04
2.129568920987e+02,1.207992429469e-04
2.134475950943e+02,1.198562893989e-04
2.139394287855e+02,1.189204871817e-04
2.144323957778e+02,1.179917853467e-04
2.149264986824e+02,1.170701332587e-04
2.154217401169e+02,1.161554805949e-04
2.159181227047e+02,1.152477773437e-04
2.164156490753e+02,1.143469738028e-04
2.169143218641e+02,1.134530205791e-04
2.174141437129e+02,1.125658685863e-04
2.179151172693e+02,1.116854690445e-04
2.184172451872e+02,1.108117734785e-04
2.189205301264e+02,1.099447337167e-04
2.194249747530e+02,1.090843018896e-04
2.199305817393e+02,1.082304304291e-04
2.204373537635e+02,1.073830720665e-04
2.209452935102e+02,1.065421798317e-04
2.214544036700e+02,1.057077070519e-04
2.219646869400e+02,1.048796073501e-04
2.224761460232e+02,1.040578346441e-04
2.229887836290e+02,1.032423431449e-04
2.235026024729e+02,1.024330873556e-04
2.240176052768e+02,1.016300220702e-04
2.245337947689e+02,1.008331023721e-04
2.250511736836e+02,1.000422836329e-04
2.255697447615e+02,9.925752151118e-05
2.260895107497e+02,9.847877195104e-05
2.266104744015e+02,9.770599118093e-05
2.271326384767e+02,9.693913571226e-05
2.276560057413e+02,9.617816233817e-05
2.281805789677e+02,9.542302813223e-05
2.287063609348e+02,9.467369044709e-05
2.292333544277e+02,9.393010691313e-05
2.297615622382e+02,9.319223543720e-05
2.302909871643e+02,9.246003420142e-05
2.308216320105e+02,9.173346166170e-05
2.313534995878e+02,9.101247654647e-05
2.318865927136e+02,9.029703785541e-05
2.324209142120e+02,8.958710485815e-05
2.329564669134e+02,8.888263709296e-05
2.334932536547e+02,8.818359436532e-05
2.340312772795e+02,8.748993674671e-05
2.345705406378e+02,8.680162457336e-05
2.351110465864e+02,8.611861844480e-05
2.356527979883e+02,8.544087922264e-05
2.361957977135e+02,8.476836802913e-05
2.367400486384e+02,8.410104624605e-05
2.372855536460e+02,8.343887551330e-05
2.378323156260e+02,8.278181772748e-05
2.383803374748e+02,8.212983504074e-05
2.389296220954e+02,8.148288985938e-05
2.394801723975e+02,8.084094484263e-05
2.400319912977e+02,8.020396290127e-05
2.405850817189e+02,7.957190719621e-05
2.411394465912e+02,7.894474113745e-05
2.416950888511e+02,7.832242838261e-05
2.422520114421e+02,7.770493283561e-05
2.428102173143e+02,7.709221864542e-05
2.433697094247e+02,7.648425020470e-05
2.439304907372e+02,7.588099214868e-05
2.444925642223e+02,7.528240935364e-05
2.450559328575e+02,7.468846693564e-05
2.456205996271e+02,7.409913024940e-05
2.461865675224e+02,7.351436488684e-05
2.467538395415e+02,7.293413667591e-05
2.473224186893e+02,7.235841167913e-05
2.478923079778e+02,7.178715619245e-05
2.484635104259e+02,7.122033674400e-05
2.490360290594e+02,7.065792009266e-05
2.496098669110e+02,7.009987322688e-05
2.501850270207e+02,6.954616336333e-05
2.507615124352e+02,6.899675794573e-05
2.513393262083e+02,6.845162464356e-05
2.519184714008e+02,6.791073135064e-05
2.524989510807e+02,6.737404618400e-05
2.530807683229e+02,6.684153748266e-05
2.536639262095e+02,6.631317380624e-05
2.542484278297e+02,6.578892393378e-05
2.548342762797e+02,6.526875686240e-05
2.554214746630e+02,6.475264180618e-05
2.560100260900e+02,6.424054819486e-05
2.565999336787e+02,6.373244567249e-05
2.571912005537e+02,6.322830409630e-05
2.577838298474e+02,6.272809353542e-05
2.583778246990e+02,6.223178426971e-05
2.589731882550e+02,6.173934678841e-05
2.595699236694e+02,6.125075178893e-05
2.601680341032e+02,6.076597017573e-05
2.607675227247e+02,6.028497305901e-05
2.613683927096e+02,5.980773175349e-05
2.619706472410e+02,5.933421777719e-05
2.625742895091e+02,5.886440285023e-05
2.631793227116e+02,5.839825889370e-05
2.637857500535e+02,5.793575802832e-05
2.643935747473e+02,5.747687257327e-05
2.650028000129e+02,5.702157504506e-05
2.656134290774e+02,5.656983815629e-05
2.662254651755e+02,5.612163481450e-05
2.668389115494e+02,5.567693812086e-05
2.674537714487e+02,5.523572136911e-05
2.680700481305e+02,5.479795804441e-05
2.686877448594e+02,5.436362182204e-05
2.693068649075e+02,5.393268656630e-05
2.699274115544e+02,5.350512632932e-05
2.705493880875e+02,5.308091534993e-05
2.711727978014e+02,5.266002805255e-05
2.717976439986e+02,5.224243904584e-05
2.724239299891e+02,5.182812312177e-05
2.730516590905e+02,5.141705525436e-05
2.736808346280e+02,5.100921059859e-05
2.743114599347e+02,5.060456448924e-05
2.749435383510e+02,5.020309243967e-05
2.755770732254e+02,4.980477014089e-05
2.762120679138e+02,4.940957346030e-05
2.768485257800e+02,4.901747844056e-05
2.774864501955e+02,4.862846129853e-05
2.781258445396e+02,4.824249842411e-05
2.787667121993e+02,4.785956637926e-05
2.794090565695e+02,4.747964189673e-05
2.800528810529e+02,4.710270187902e-05
2.806981890601e+02,4.672872339735e-05
2.813449840094e+02,4.635768369056e-05
2.819932693270e+02,4.598956016394e-05
2.826430484472e+02,4.562433038823e-05
2.832943248120e+02,4.526197209850e-05
2.839471018715e+02,4.490246319320e-05
2.846013830835e+02,4.454578173291e-05
2.852571719140e+02,4.419190593940e-05
2.859144718370e+02,4.384081419456e-05
2.865732863342e+02,4.349248503935e-05
2.872336188958e+02,4.314689717277e-05
2.878954730195e+02,4.280402945073e-05
2.885588522116e+02,4.246386088510e-05
2.892237599860e+02,4.212637064274e-05
2.898901998651e+02,4.179153804431e-05
2.905581753791e+02,4.145934256338e-05
2.912276900665e+02,4.112976382531e-05
2.918987474739e+02,4.080278160637e-05
2.925713511562e+02,4.047837583267e-05
2.932455046763e+02,4.015652657908e-05
2.939212116053e+02,3.983721406833e-05
2.945984755228e+02,3.952041867002e-05
2.952773000163e+02,3.920612089960e-05
2.959576886819e+02,3.889430141740e-05
2.966396451237e+02,3.858494102758e-05
2.973231729543e+02,3.827802067732e-05
2.980082757946e+02,3.797352145574e-05
2.986949572736e+02,3.767142459290e-05
2.993832210290e+02,3.737171145894e-05
3.000730707067e+02,3.707436356307e-05
3.007645099611e+02,3.677936255269e-05
3.014575424549e+02,3.648669021235e-05
3.021521718592e+02,3.619632846283e-05
3.028484018539e+02,3.590825936030e-05
3.035462361270e+02,3.562246509532e-05
3.042456783751e+02,3.533892799190e-05
3.049467323034e+02,3.505763050662e-05
3.056494016256e+02,3.477855522767e-05
3.063536900640e+02,3.450168487406e-05
3.070596013493e+02,3.422700229457e-05
3.077671392210e+02,3.395449046692e-05
3.084763074271e+02,3.368413249687e-05
3.091871097243e+02,3.341591161736e-05
3.098995498780e+02,3.314981118760e-05
3.106136316621e+02,3.288581469216e-05
3.113293588594e+02,3.262390574013e-05
3.120467352612e+02,3.236406806429e-05
3.127657646678e+02,3.210628552017e-05
3.134864508880e+02,3.185054208522e-05
3.142087977396e+02,3.159682185796e-05
3.149328090489e+02,3.134510905716e-05
3.156584886514e+02,3.109538802096e-05
3.163858403911e+02,3.084764320600e-05
3.171148681211e+02,3.060185918665e-05
3.178455757033e+02,3.035802065414e-05
3.185779670083e+02,3.011611241578e-05
3.193120459160e+02,2.987611939408e-05
3.200478163149e+02,2.963802662590e-05
3.207852821027e+02,2.940181926179e-05
3.215244471859e+02,2.916748256507e-05
3.222653154800e+02,2.893500191102e-05
3.230078909098e+02,2.870436278612e-05
3.237521774088e+02,2.847555078725e-05
3.244981789198e+02,2.824855162095e-05
3.252458993945e+02,2.802335110254e-05
3.259953427939e+02,2.779993515538e-05
3.267465130879e+02,2.757828981015e-05
3.274994142557e+02,2.735840120405e-05
3.282540502858e+02,2.714025557999e-05
3.290104251755e+02,2.692383928588e-05
3.297685429317e+02,2.670913877385e-05
3.305284075704e+02,2.649614059955e-05
3.312900231167e+02,2.628483142135e-05
3.320533936051e+02,2.607519799961e-05
3.328185230796e+02,2.586722719593e-05
3.335854155931e+02,2.566090597247e-05
3.343540752082e+02,2.545622139123e-05
3.351245059966e+02,2.525316061319e-05
3.358967120397e+02,2.505171089774e-05
3.366706974279e+02,2.485185960195e-05
3.374464662613e+02,2.465359417980e-05
3.382240226493e+02,2.445690218148e-05
3.390033707111e+02,2.426177125274e-05
3.397845145749e+02,2.406818913415e-05
3.405674583787e+02,2.387614366047e-05
3.413522062700e+02,2.368562275986e-05
3.421387624059e+02,2.349661445328e-05
3.429271309530e+02,2.330910685379e-05
3.437173160874e+02,2.312308816588e-05
3.445093219952e+02,2.293854668481e-05
3.453031528716e+02,2.275547079586e-05
3.460988129220e+02,2.257384897381e-05
3.468963063611e+02,2.239366978220e-05
3.476956374135e+02,2.221492187265e-05
3.484968103136e+02,2.203759398430e-05
3.492998293053e+02,2.186167494306e-05
3.501046986424e+02,2.168715366111e-05
3.509114225888e+02,2.151401913611e-05
3.517200054176e+02,2.134226045066e-05
3.525304514124e+02,2.117186677166e-05
3.533427648662e+02,2.100282734968e-05
3.541569500822e+02,2.083513151835e-05
3.549730113732e+02,2.066876869372e-05
3.557909530623e+02,2.050372837366e-05
3.566107794823e+02,2.034000013729e-05
3.574324949761e+02,2.017757364434e-05
3.582561038965e+02,2.001643863453e-05
3.590816106065e+02,1.985658492701e-05
3.599090194790e+02,1.969800241979e-05
3.607383348970e+02,1.954068108914e-05
3.615695612537e+02,1.938461098892e-05
3.624027029523e+02,1.922978225013e-05
3.632377644062e+02,1.907618508028e-05
3.640747500391e+02,1.892380976282e-05
3.649136642845e+02,1.877264665655e-05
3.657545115867e+02,1.862268619508e-05
3.665972963996e+02,1.847391888629e-05
3.674420231879e+02,1.832633531177e-05
3.682886964263e+02,1.817992612620e-05
3.691373205999e+02,1.803468205688e-05
3.699879002042e+02,1.789059390317e-05
3.708404397447e+02,1.774765253595e-05
3.716949437379e+02,1.760584889704e-05
3.725514167101e+02,1.746517399870e-05
3.734098631984e+02,1.732561892314e-05
3.742702877502e+02,1.718717482193e-05
3.751326949235e+02,1.704983291550e-05
3.759970892867e+02,1.691358449263e-05
3.768634754188e+02,1.677842090991e-05
3.777318579092e+02,1.664433359130e-05
3.786022413580e+02,1.651131402752e-05
3.794746303760e+02,1.637935377561e-05
3.803490295843e+02,1.624844445842e-05
3.812254436151e+02,1.611857776411e-05
3.821038771108e+02,1.598974544567e-05
3.829843347249e+02,1.586193932038e-05
3.838668211213e+02,1.573515126937e-05
3.847513409749e+02,1.560937323714e-05
3.856378989713e+02,1.548459723107e-05
3.865264998067e+02,1.536081532091e-05
3.874171481884e+02,1.523801963834e-05
3.883098488344e+02,1.511620237651e-05
3.892046064736e+02,1.499535578957e-05
3.901014258459e+02,1.487547219217e-05
3.910003117018e+02,1.475654395902e-05
3.919012688032e+02,1.463856352447e-05
3.928043019226e+02,1.452152338201e-05
3.937094158437e+02,1.440541608384e-05
3.946166153611e+02,1.429023424040e-05
3.955259052805e+02,1.417597051996e-05
3.964372904187e+02,1.406261764818e-05
3.973507756037e+02,1.395016840764e-05
3.982663656743e+02,1.383861563741e-05
3.991840654808e+02,1.372795223265e-05
4.001038798845e+02,1.361817114417e-05
4.010258137579e+02,1.350926537799e-05
4.019498719847e+02,1.340122799490e-05
4.028760594601e+02,1.329405211012e-05
4.038043810902e+02,1.318773089280e-05
4.047348417927e+02,1.308225756564e-05
4.056674464965e+02,1.297762540450e-05
4.066022001419e+02,1.287382773792e-05
4.075391076806e+02,1.277085794685e-05
4.084781740755e+02,1.266870946411e-05
4.094194043014e+02,1.256737577405e-05
4.103628033440e+02,1.246685041218e-05
4.113083762010e+02,1.236712696473e-05
4.122561278812e+02,1.226819906832e-05
4.132060634053e+02,1.217006040948e-05
4.141581878052e+02,1.207270472435e-05
4.151125061247e+02,1.197612579830e-05
4.160690234191e+02,1.188031746548e-05
4.170277447553e+02,1.178527360851e-05
4.179886752121e+02,1.169098815806e-05
4.189518198796e+02,1.159745509254e-05
4.199171838600e+02,1.150466843770e-05
4.208847722671e+02,1.141262226621e-05
4.218545902266e+02,1.132131069741e-05
4.228266428757e+02,1.123072789686e-05
4.238009353638e+02,1.114086807603e-05
4.247774728520e+02,1.105172549193e-05
4.257562605134e+02,1.096329444674e-05
4.267373035327e+02,1.087556928752e-05
4.277206071070e+02,1.078854440581e-05
4.287061764450e+02,1.070221423727e-05
4.296940167676e+02,1.061657326142e-05
4.306841333078e+02,1.053161600122e-05
4.316765313104e+02,1.044733702278e-05
4.326712160324e+02,1.036373093503e-05
4.336681927431e+02,1.028079238932e-05
4.346674667237e+02,1.019851607920e-05
4.356690432677e+02,1.011689674000e-05
4.366729276806e+02,1.003592914857e-05
4.376791252804e+02,9.955608122913e-06
4.386876413973e+02,9.875928521880e-06
4.396984813735e+02,9.796885244892e-06
4.407116505639e+02,9.718473231564e-06
4.417271543355e+02,9.640687461422e-06
4.427449980678e+02,9.563522953604e-06
4.437651871524e+02,9.486974766541e-06
4.447877269938e+02,9.411037997662e-06
4.458126230085e+02,9.335707783056e-06
4.468398806259e+02,9.260979297213e-06
4.478695052875e+02,9.186847752725e-06
4.489015024476e+02,9.113308399962e-06
4.499358775730e+02,9.040356526792e-06
4.509726361430e+02,8.967987458286e-06
4.520117836498e+02,8.896196556449e-06
4.530533255980e+02,8.824979219917e-06
4.540972675048e+02,8.754330883650e-06
4.551436149005e+02,8.684247018686e-06
4.561923733279e+02,8.614723131849e-06
4.572435483424e+02,8.545754765468e-06
4.582971455125e+02,8.477337497094e-06
4.593531704195e+02,8.409466939219e-06
4.604116286573e+02,8.342138739041e-06
4.614725258331e+02,8.275348578163e-06
4.625358675665e+02,8.209092172319e-06
4.636016594906e+02,8.143365271126e-06
4.646699072511e+02,8.078163657809e-06
4.657406165068e+02,8.013483148963e-06
4.668137929296e+02,7.949319594256e-06
4.678894422045e+02,7.885668876177e-06
4.689675700294e+02,7.822526909816e-06
4.700481821156e+02,7.759889642574e-06
4.711312841873e+02,7.697753053924e-06
4.722168819822e+02,7.636113155146e-06
4.733049812508e+02,7.574965989097e-06
4.743955877573e+02,7.514307629975e-06
4.754887072788e+02,7.454134183035e-06
4.765843456060e+02,7.394441784371e-06
4.776825085427e+02,7.335226600676e-06
4.787832019064e+02,7.276484829002e-06
4.798864315276e+02,7.218212696524e-06
4.809922032505e+02,7.160406460279e-06
4.821005229327e+02,7.103062406965e-06
4.832113964454e+02,7.046176852708e-06
4.843248296731e+02,6.989746142808e-06
4.854408285140e+02,6.933766651525e-06
4.865593988799e+02,6.878234781844e-06
4.876805466963e+02,6.823146965270e-06
4.888042779021e+02,6.768499661595e-06
4.899305984501e+02,6.714289358648e-06
4.910595143068e+02,6.660512572116e-06
4.921910314523e+02,6.607165845311e-06
4.933251558807e+02,6.554245748953e-06
4.944618935998e+02,6.501748880948e-06
4.956012506311e+02,6.449671866173e-06
4.967432330102e+02,6.398011356290e-06
4.978878467866e+02,6.346764029515e-06
4.990350980235e+02,6.295926590404e-06
5.001849927984e+02,6.245495769656e-06
5.013375372025e+02,6.195468323909e-06
5.024927373412e+02,6.145841035546e-06
5.036505993340e+02,6.096610712468e-06
5.048111293144e+02,6.047774187900e-06
5.059743334301e+02,5.999328320216e-06
5.071402178429e+02,5.951269992719e-06
5.083087887288e+02,5.903596113451e-06
5.094800522782e+02,5.856303614990e-06
5.106540146955e+02,5.809389454266e-06
5.118306821997e+02,5.762850612390e-06
5.130100610237e+02,5.716684094421e-06
5.141921574152e+02,5.670886929200e-06
5.153769776362e+02,5.625456169170e-06
5.165645279628e+02,5.580388890183e-06
5.177548146860e+02,5.535682191320e-06
5.189478441110e+02,5.491333194687e-06
5.201436225577e+02,5.447339045262e-06
5.213421563605e+02,5.403696910710e-06
5.225434518683e+02,5.360403981190e-06
5.237475154449e+02,5.317457469188e-06
5.249543534684e+02,5.274854609331e-06
5.261639723318e+02,5.232592658234e-06
5.273763784429e+02,5.190668894317e-06
5.285915782242e+02,5.149080617609e-06
5.298095781128e+02,5.107825149614e-06
5.310303845610e+02,5.066899833125e-06
5.322540040357e+02,5.026302032061e-06
5.334804430188e+02,4.986029131293e-06
5.347097080070e+02,4.946078536472e-06
5.359418055123e+02,4.906447673898e-06
5.371767420613e+02,4.867133990326e-06
5.384145241959e+02,4.828134952811e-06
5.396551584730e+02,4.789448048550e-06
5.408986514646e+02,4.751070784726e-06
5.421450097578e+02,4.713000688361e-06
5.433942399551e+02,4.675235306132e-06
5.446463486738e+02,4.637772204228e-06
5.459013425469e+02,4.600608968212e-06
5.471592282225e+02,4.563743202850e-06
5.484200123638e+02,4.527172531969e-06
5.496837016496e+02,4.490894598288e-06
5.509503027742e+02,4.454907063290e-06
5.522198224470e+02,4.419207607080e-06
5.534922673931e+02,4.383793928209e-06
5.547676443530e+02,4.348663743543e-06
5.560459600827e+02,4.313814788125e-06
5.573272213540e+02,4.279244815028e-06
5.586114349539e+02,4.244951595212e-06
5.598986076854e+02,4.210932917367e-06
5.611887463670e+02,4.177186587796e-06
5.624818578329e+02,4.143710430272e-06
5.637779489332e+02,4.110502285888e-06
5.650770265336e+02,4.077560012926e-06
5.663790975157e+02,4.044881486716e-06
5.676841687770e+02,4.012464599519e-06
5.689922472309e+02,3.980307260380e-06
5.703033398066e+02,3.948407394984e-06
5.716174534493e+02,3.916762945543e-06
5.729345951204e+02,3.885371870661e-06
5.742547717971e+02,3.854232145207e-06
5.755779904728e+02,3.823341760170e-06
5.769042581569e+02,3.792698722542e-06
5.782335818752e+02,3.762301055204e-06
5.795659686694e+02,3.732146796784e-06
5.809014255975e+02,3.702234001532e-06
5.822399597340e+02,3.672560739203e-06
5.835815781694e+02,3.643125094928e-06
5.849262880106e+02,3.613925169114e-06
5.862740963811e+02,3.584959077287e-06
5.876250104204e+02,3.556224949993e-06
5.889790372850e+02,3.527720932684e-06
5.903361841473e+02,3.499445185591e-06
5.916964581966e+02,3.471395883611e-06
5.930598666388e+02,3.443571216177e-06
5.944264166962e+02,3.415969387161e-06
5.957961156077e+02,3.388588614763e-06
5.971689706292e+02,3.361427131374e-06
5.985449890330e+02,3.334483183480e-06
5.999241781084e+02,3.307755031547e-06
6.013065451612e+02,3.281240949913e-06
6.026920975143e+02,3.254939226681e-06
6.040808425075e+02,3.228848163588e-06
6.054727874972e+02,3.202966075924e-06
6.068679398571e+02,3.177291292415e-06
6.082663069776e+02,3.151822155112e-06
6.096678962664e+02,3.126557019288e-06
6.110727151480e+02,3.101494253329e-06
6.124807710643e+02,3.076632238643e-06
6.138920714741e+02,3.051969369550e-06
6.153066238535e+02,3.027504053165e-06
6.167244356958e+02,3.003234709318e-06
6.181455145116e+02,2.979159770443e-06
6.195698678287e+02,2.955277681483e-06
6.209975031924e+02,2.931586899781e-06
6.224284281654e+02,2.908085894985e-06
6.238626503275e+02,2.884773148961e-06
6.253001772764e+02,2.861647155688e-06
6.267410166270e+02,2.838706421156e-06
6.281851760119e+02,2.815949463276e-06
6.296326630812e+02,2.793374811786e-06
6.310834855028e+02,2.770981008169e-06
6.325376509620e+02,2.748766605533e-06
6.339951671620e+02,2.726730168534e-06
6.354560418237e+02,2.704870273291e-06
6.369202826858e+02,2.683185507283e-06
6.383878975048e+02,2.661674469268e-06
6.398588940551e+02,2.640335769178e-06
6.413332801290e+02,2.619168028047e-06
6.428110635368e+02,2.598169877924e-06
6.442922521067e+02,2.577339961768e-06
6.457768536850e+02,2.556676933373e-06
6.472648761362e+02,2.536179457279e-06
6.487563273427e+02,2.515846208695e-06
6.502512152051e+02,2.495675873405e-06
6.517495476424e+02,2.475667147677e-06
6.532513325916e+02,2.455818738196e-06
6.547565780082e+02,2.436129361975e-06
6.562652918659e+02,2.416597746271e-06
6.577774821567e+02,2.397222628503e-06
6.592931568913e+02,2.378002756165e-06
6.608123240986e+02,2.358936886767e-06
6.623349918261e+02,2.340023787738e-06
6.638611681398e+02,2.321262236342e-06
6.653908611243e+02,2.302651019617e-06
6.669240788829e+02,2.284188934285e-06
6.684608295374e+02,2.265874786685e-06
6.700011212286e+02,2.247707392683e-06
6.715449621157e+02,2.229685577601e-06
6.730923603771e+02,2.211808176154e-06
6.746433242096e+02,2.194074032362e-06
6.761978618292e+02,2.176481999477e-06
6.777559814708e+02,2.159030939912e-06
6.793176913882e+02,2.141719725167e-06
6.808829998543e+02,2.124547235767e-06
6.824519151609e+02,2.107512361171e-06
6.840244456191e+02,2.090613999710e-06
6.856005995589e+02,2.073851058524e-06
6.871803853299e+02,2.057222453483e-06
6.887638113006e+02,2.040727109122e-06
6.903508858588e+02,2.024363958559e-06
6.919416174117e+02,2.008131943447e-06
6.935360143861e+02,1.992030013898e-06
6.951340852277e+02,1.976057128407e-06
6.967358384022e+02,1.960212253797e-06
6.983412823944e+02,1.944494365141e-06
6.999504257089e+02,1.928902445712e-06
7.015632768698e+02,1.913435486910e-06
7.031798444209e+02,1.898092488183e-06
7.048001369255e+02,1.882872456986e-06
7.064241629669e+02,1.867774408707e-06
7.080519311481e+02,1.852797366605e-06
7.096834500917e+02,1.837940361743e-06
7.113187284404e+02,1.823202432925e-06
7.129577748569e+02,1.808582626648e-06
7.146005980235e+02,1.794079997030e-06
7.162472066429e+02,1.779693605743e-06
7.178976094376e+02,1.765422521964e-06
7.195518151502e+02,1.751265822312e-06
7.212098325437e+02,1.737222590793e-06
7.228716704010e+02,1.723291918730e-06
7.245373375254e+02,1.709472904708e-06
7.262068427404e+02,1.695764654528e-06
7.278801948898e+02,1.682166281137e-06
7.295574028380e+02,1.668676904574e-06
7.312384754696e+02,1.655295651911e-06
7.329234216897e+02,1.642021657203e-06
7.346122504240e+02,1.628854061434e-06
7.363049706187e+02,1.615792012451e-06
7.380015912407e+02,1.602834664914e-06
7.397021212775e+02,1.589981180248e-06
7.414065697373e+02,1.577230726582e-06
7.431149456491e+02,1.564582478702e-06
7.448272580626e+02,1.552035617983e-06
7.465435160484e+02,1.539589332355e-06
7.482637286982e+02,1.527242816244e-06
7.499879051244e+02,1.514995270517e-06
7.517160544604e+02,1.502845902429e-06
7.534481858609e+02,1.490793925577e-06
7.551843085013e+02,1.478838559852e-06
7.569244315785e+02,1.466979031386e-06
7.586685643104e+02,1.455214572491e-06
7.604167159362e+02,1.443544421629e-06
7.621688957164e+02,1.431967823350e-06
7.639251129328e+02,1.420484028250e-06
7.656853768886e+02,1.409092292918e-06
7.674496969085e+02,1.397791879886e-06
7.692180823386e+02,1.386582057593e-06
7.709905425465e+02,1.375462100328e-06
7.727670869215e+02,1.364431288182e-06
7.745477248746e+02,1.353488907010e-06
7.763324658381e+02,1.342634248377e-06
7.781213192666e+02,1.331866609522e-06
7.799142946360e+02,1.321185293301e-06
7.817114014443e+02,1.310589608147e-06
7.835126492113e+02,1.300078868030e-06
7.853180474787e+02,1.289652392410e-06
7.871276058103e+02,1.279309506191e-06
7.889413337919e+02,1.269049539674e-06
7.907592410313e+02,1.258871828523e-06
7.925813371584e+02,1.248775713722e-06
7.944076318256e+02,1.238760541523e-06
7.962381347072e+02,1.228825663408e-06
7.980728554999e+02,1.218970436054e-06
7.999118039228e+02,1.209194221282e-06
8.017549897174e+02,1.199496386027e-06
8.036024226476e+02,1.189876302278e-06
8.054541124997e+02,1.180333347059e-06
8.073100690827e+02,1.170866902381e-06
8.091703022283e+02,1.161476355195e-06
8.110348217905e+02,1.152161097363e-06
8.129036376463e+02,1.142920525608e-06
8.147767596954e+02,1.133754041489e-06
8.166541978603e+02,1.124661051355e-06
8.185359620863e+02,1.115640966297e-06
8.204220623417e+02,1.106693202128e-06
8.223125086178e+02,1.097817179335e-06
8.242073109287e+02,1.089012323045e-06
8.261064793118e+02,1.080278062984e-06
8.280100238276e+02,1.071613833441e-06
8.299179545597e+02,1.063019073238e-06
8.318302816150e+02,1.054493225689e-06
8.337470151237e+02,1.046035738561e-06
8.356681652393e+02,1.037646064042e-06
8.375937421386e+02,1.029323658706e-06
8.395237560221e+02,1.021067983482e-06
8.414582171136e+02,1.012878503608e-06
8.433971356606e+02,1.004754688604e-06
8.453405219339e+02,9.966960122393e-07
8.472883862284e+02,9.887019524964e-07
8.492407388625e+02,9.807719915364e-07
8.511975901783e+02,9.729056156629e-07
8.531589505419e+02,9.651023152949e-07
8.551248303432e+02,9.573615849357e-07
8.570952399961e+02,9.496829231290e-07
8.590701899384e+02,9.420658324356e-07
8.610496906319e+02,9.345098193992e-07
8.630337525628e+02,9.270143945164e-07
8.650223862411e+02,9.195790722036e-07
8.670156022013e+02,9.122033707592e-07
8.690134110020e+02,9.048868123439e-07
8.710158232262e+02,8.976289229456e-07
8.730228494813e+02,8.904292323453e-07
8.750345003991e+02,8.832872740892e-07
8.770507866359e+02,8.762025854570e-07
8.790717188725e+02,8.691747074390e-07
8.810973078146e+02,8.622031846991e-07
8.831275641922e+02,8.552875655434e-07
8.851624987601e+02,8.484274018990e-07
8.872021222982e+02,8.416222492808e-07
8.892464456107e+02,8.348716667648e-07
8.912954795272e+02,8.281752169551e-07
8.933492349020e+02,8.215324659570e-07
8.954077226143e+02,8.149429833566e-07
8.974709535688e+02,8.084063421843e-07
8.995389386949e+02,8.019221188885e-07
9.016116889473e+02,7.954898933102e-07
9.036892153060e+02,7.891092486557e-07
9.057715287763e+02,7.827797714732e-07
9.078586403888e+02,7.765010516169e-07
9.099505611997e+02,7.702726822262e-07
9.120473022903e+02,7.640942597028e-07
9.141488747678e+02,7.579653836795e-07
9.162552897649e+02,7.518856569964e-07
9.183665584398e+02,7.458546856712e-07
9.204826919766e+02,7.398720788803e-07
9.226037015850e+02,7.339374489332e-07
9.247295985007e+02,7.280504112399e-07
9.268603939852e+02,7.222105842925e-07
9.289960993259e+02,7.164175896388e-07
9.311367258364e+02,7.106710518600e-07
9.332822848561e+02,7.049705985445e-07
9.354327877507e+02,6.993158602593e-07
9.375882459121e+02,6.937064705346e-07
9.397486707584e+02,6.881420658374e-07
9.419140737340e+02,6.826222855445e-07
9.440844663097e+02,6.771467719221e-07
9.462598599826e+02,6.717151700997e-07
9.484402662766e+02,6.663271280550e-07
9.506256967419e+02,6.609822965835e-07
9.528161629553e+02,6.556803292748e-07
9.550116765204e+02,6.504208824973e-07
9.572122490675e+02,6.452036153711e-07
9.594178922537e+02,6.400281897495e-07
9.616286177630e+02,6.348942701916e-07
9.638444373061e+02,6.298015239429e-07
9.660653626210e+02,6.247496209199e-07
9.682914054726e+02,6.197382336807e-07
9.705225776529e+02,6.147670374062e-07
9.727588909810e+02,6.098357098794e-07
9.750003573035e+02,6.049439314655e-07
9.772469884939e+02,6.000913850939e-07
9.794987964534e+02,5.952777562294e-07
9.817557931105e+02,5.905027328575e-07
9.840179904212e+02,5.857660054665e-07
9.862854003690e+02,5.810672670234e-07
9.885580349650e+02,5.764062129557e-07
9.908359062481e+02,5.717825411283e-07
9.931190262849e+02,5.671959518295e-07
9.954074071696e+02,5.626461477511e-07
9.977010610246e+02,5.581328339635e-07
1.000000000000e+03,5.536557179011e-07
